frame,type,left,reference,left_label,reference_label,iou
adasind_069450.jpg,mismatching_attributes,4,1,ThreeWheeler,ThreeWheeler,0.915
adasind_069450.jpg,extra_annotation,5,,ThreeWheeler,,N/A
adasind_082170.jpg,mismatching_attributes,4,6,Bike,Bike,0.583
adasind_082170.jpg,mismatching_attributes,3,4,Bike,Bike,0.573
adasind_082170.jpg,extra_annotation,2,,Bike,,N/A
adasind_082170.jpg,missing_annotation,,5,,Bike,N/A
adasind_102750.jpg,mismatching_attributes,1,1,Truck,Truck,0.951
adasind_102750.jpg,mismatching_label,2,2,ThreeWheeler,Truck,0.909
adasind_102750.jpg,mismatching_attributes,3,4,ThreeWheeler,ThreeWheeler,0.674
adasind_102750.jpg,extra_annotation,5,,ThreeWheeler,,N/A
adasind_102750.jpg,missing_annotation,,5,,Truck,N/A
