round,slice,frame,object_ref,cell,what,why,severity,owner,rule_id,evidence,action,rules_version,note
calib,C0,adasind_019560.jpg,L4,na,SPURIOUS,,,,,,,,
calib,C0,adasind_019560.jpg,L6,na,SPURIOUS,,,,,,,,
r1_craft,B2-edge,adasind_069450.jpg,L7,na,IGNORE_SCOPE,,,,,,,,
r1_craft,B2-edge,adasind_069450.jpg,L3,na,SPURIOUS,,,,,,,,
r1_craft,B2-edge,adasind_082170.jpg,L9,na,IGNORE_SCOPE,,,,,,,,
r1_craft,B2-edge,adasind_082170.jpg,L5+R5,na,BOX_GEOMETRY,,,,,,,,
r1_craft,B2-edge,adasind_102750.jpg,L3,na,IGNORE_SCOPE,,,,,,,,
r1_craft,B2-edge,adasind_102750.jpg,L1,na,SPURIOUS,,,,,,,,
r1_craft,B2-edge,adasind_102750.jpg,L2+R2,na,WRONG_CLASS,,,,,,,,
r1_craft,B2-edge,adasind_102750.jpg,R5,na,MISSING,,,,,,,,
r3_diag,B2-edge,adasind_069450.jpg,L2+R1,LR_noM,MISSING,,,,,,,,
r3_diag,B2-edge,adasind_069450.jpg,L1+R2,LR_noM,MISSING,,,,,,,,
r3_diag,B2-edge,adasind_069450.jpg,L3,L_only,SPURIOUS,,,,,,,,
r3_diag,B2-edge,adasind_069450.jpg,M5,M_only,SPURIOUS,,,,,,,,
r3_diag,B2-edge,adasind_069450.jpg,M7,M_only,SPURIOUS,,,,,,,,
r3_diag,B2-edge,adasind_082170.jpg,L2+R1,LR_noM,MISSING,,,,,,,,
r3_diag,B2-edge,adasind_082170.jpg,L3+R2,LR_noM,MISSING,,,,,,,,
r3_diag,B2-edge,adasind_082170.jpg,L8+R7,LR_noM,MISSING,,,,,,,,
r3_diag,B2-edge,adasind_082170.jpg,L6+R4,LR_noM,MISSING,,,,,,,,
r3_diag,B2-edge,adasind_082170.jpg,L5,L_only,SPURIOUS,,,,,,,,
r3_diag,B2-edge,adasind_082170.jpg,R5,R_only,MISSING,,,,,,,,
r3_diag,B2-edge,adasind_082170.jpg,M2,M_only,SPURIOUS,,,,,,,,
r3_diag,B2-edge,adasind_082170.jpg,M5,M_only,SPURIOUS,,,,,,,,
r3_diag,B2-edge,adasind_082170.jpg,M6,M_only,SPURIOUS,,,,,,,,
r3_diag,B2-edge,adasind_082170.jpg,M7,M_only,SPURIOUS,,,,,,,,
r3_diag,B2-edge,adasind_082170.jpg,M9,M_only,SPURIOUS,,,,,,,,
r3_diag,B2-edge,adasind_102750.jpg,L6+R3,LR_noM,MISSING,,,,,,,,
r3_diag,B2-edge,adasind_102750.jpg,L5+R4,LR_noM,MISSING,,,,,,,,
r3_diag,B2-edge,adasind_102750.jpg,L1,L_only,SPURIOUS,,,,,,,,
r3_diag,B2-edge,adasind_102750.jpg,L2,L_only,SPURIOUS,,,,,,,,
r3_diag,B2-edge,adasind_102750.jpg,R2+M2,RM_noL,MISSING,,,,,,,,
r3_diag,B2-edge,adasind_102750.jpg,R5+M8,RM_noL,MISSING,,,,,,,,
r3_diag,B2-edge,adasind_102750.jpg,M3,M_only,SPURIOUS,,,,,,,,
r3_diag,B2-edge,adasind_102750.jpg,M4,M_only,SPURIOUS,,,,,,,,
r3_diag,B2-edge,adasind_102750.jpg,M5,M_only,SPURIOUS,,,,,,,,
r3_diag,B2-edge,adasind_102750.jpg,M6,M_only,SPURIOUS,,,,,,,,
r3_diag,B2-edge,adasind_102750.jpg,M7,M_only,SPURIOUS,,,,,,,,
calib,C0,adasind_019560.jpg,L8,na,SPURIOUS,,,,,,,,
